anchor_id,scale,sigma_center,eps,g11_op,g12_op,g22_op,g11_th,g12_th,g22_th,min_eig,max_eig,trace_op,trace_th,frob_op,det_op,cond_op,spd_op
128,1s0,0.791278,-1.582556,0.817396,-0.024333,0.489558,-0.172759,-0.060833,-0.992353,0.487762,0.819192,1.306954,-1.165112,0.953408,0.399571,1.679491,True
128,1.25s0,0.788057,-1.576115,0.815417,-0.013402,0.505751,-0.189033,-0.033505,-0.963197,0.505172,0.815996,1.321168,-1.152229,0.959713,0.412219,1.615282,True
128,1.5s0,0.785716,-1.571432,0.813828,-0.003860,0.514876,-0.197742,-0.009650,-0.945122,0.514826,0.813877,1.328703,-1.142864,0.963038,0.419005,1.580879,True
1,1s0,0.486749,-0.973499,0.772890,0.003645,0.620309,0.217227,0.009113,-0.164225,0.620222,0.772977,1.393199,0.053002,0.991044,0.479417,1.246291,True
1,1.25s0,0.481881,-0.963763,0.698230,5.905964e-04,0.715712,0.014384,0.001476,0.058091,0.698210,0.715732,1.413942,0.072475,0.999885,0.499731,1.025097,True
1,1.5s0,0.478724,-0.957448,0.645938,0.005818,0.757120,-0.096425,0.014544,0.181530,0.645634,0.757424,1.403058,0.085105,0.995256,0.489019,1.173146,True
260,1s0,0.817513,-1.635026,0.470856,0.113760,0.787509,-1.030843,0.284399,-0.239209,0.434224,0.824140,1.258364,-1.270052,0.931535,0.357862,1.897959,True
260,1.25s0,0.816728,-1.633456,0.491480,0.101234,0.791668,-1.008690,0.253085,-0.258221,0.460531,0.822617,1.283148,-1.266911,0.942755,0.378840,1.786235,True
260,1.5s0,0.816415,-1.632830,0.502451,0.089623,0.795508,-0.999152,0.224057,-0.266508,0.477216,0.820744,1.297959,-1.265661,0.949397,0.391672,1.719860,True
262,1s0,0.546595,-1.093191,0.554682,-0.174937,0.710246,-0.287645,-0.437342,0.101264,0.441014,0.823913,1.264928,-0.186381,0.934519,0.363358,1.868223,True
262,1.25s0,0.550603,-1.101207,0.565556,-0.168842,0.712398,-0.284760,-0.422105,0.082346,0.454862,0.823092,1.277954,-0.202414,0.940415,0.374393,1.809541,True
262,1.5s0,0.553037,-1.106074,0.575700,-0.160225,0.717049,-0.282761,-0.400563,0.070612,0.471254,0.821494,1.292749,-0.212148,0.947066,0.387133,1.743208,True
136,1s0,0.721315,-1.442630,0.553680,-0.054786,0.794735,-0.743948,-0.136965,-0.141311,0.541812,0.806602,1.348415,-0.885259,0.971683,0.437027,1.488711,True
136,1.25s0,0.716677,-1.433354,0.620258,-0.038575,0.768662,-0.618859,-0.096438,-0.247849,0.610830,0.778091,1.388921,-0.866708,0.989211,0.475281,1.273825,True
136,1.5s0,0.713876,-1.427753,0.652086,-0.027085,0.750806,-0.551153,-0.067713,-0.304352,0.645143,0.757749,1.402893,-0.855505,0.995185,0.488857,1.174544,True
137,1s0,0.333433,-0.666866,0.721212,0.086155,0.662962,0.405947,0.215387,0.260322,0.601142,0.783031,1.384174,0.666269,0.987173,0.470713,1.302572,True
137,1.25s0,0.341862,-0.683725,0.725362,0.066170,0.670400,0.384978,0.165424,0.247573,0.626232,0.769531,1.395763,0.632551,0.992141,0.481905,1.228827,True
137,1.5s0,0.347758,-0.695516,0.723315,0.038171,0.684368,0.353168,0.095428,0.255799,0.660990,0.746694,1.407684,0.608967,0.997226,0.493557,1.129659,True
10,1s0,0.065294,-0.130587,0.760894,-0.100649,0.586806,1.087022,-0.251623,0.651804,0.540783,0.806917,1.347700,1.738826,0.971371,0.436367,1.492128,True
10,1.25s0,0.070110,-0.140220,0.736009,-0.161296,0.528101,1.119665,-0.403239,0.599895,0.440163,0.823948,1.264111,1.719561,0.934149,0.362671,1.871916,True
10,1.5s0,0.073263,-0.146526,0.736572,-0.142208,0.572648,1.058379,-0.355519,0.648570,0.490474,0.818746,1.309220,1.706948,0.954416,0.401573,1.669298,True
12,1s0,0.656421,-1.312843,0.491757,-0.005611,0.818449,-0.721207,-0.014028,0.095522,0.491661,0.818545,1.310206,-0.625685,0.954854,0.402447,1.664857,True
12,1.25s0,0.655789,-1.311578,0.554542,0.008304,0.802272,-0.621240,0.020760,-0.001916,0.554264,0.802550,1.356814,-0.623156,0.975343,0.444824,1.447955,True
12,1.5s0,0.655988,-1.311975,0.594233,0.021715,0.785052,-0.550499,0.054287,-0.073452,0.591793,0.787491,1.379284,-0.623951,0.985069,0.466032,1.330688,True
269,1s0,0.758393,-1.516785,0.671826,-0.057930,0.727581,-0.586480,-0.144826,-0.447091,0.635414,0.763993,1.399407,-1.033570,0.993698,0.485452,1.202354,True
269,1.25s0,0.757242,-1.514484,0.691503,-0.022504,0.720188,-0.550340,-0.056261,-0.478628,0.679159,0.732531,1.411690,-1.028968,0.998929,0.497505,1.078586,True
269,1.5s0,0.756608,-1.513216,0.697825,-0.012008,0.715599,-0.535433,-0.030020,-0.491000,0.691773,0.721651,1.413424,-1.026433,0.999665,0.499219,1.043190,True
143,1s0,0.718020,-1.436041,0.709999,0.050817,0.694802,-0.417044,0.127042,-0.455038,0.651019,0.753782,1.404801,-0.872081,0.995999,0.490726,1.157850,True
143,1.25s0,0.719558,-1.439117,0.705983,0.056529,0.696740,-0.427562,0.141323,-0.450671,0.644644,0.758079,1.402723,-0.878233,0.995113,0.488691,1.175966,True
143,1.5s0,0.720689,-1.441379,0.702364,0.061514,0.698294,-0.436292,0.153785,-0.446465,0.638781,0.761877,1.400658,-0.882757,0.994232,0.486673,1.192703,True
18,1s0,0.809190,-1.618381,0.641764,-0.076655,0.741978,-0.743649,-0.191637,-0.493113,0.600292,0.783450,1.383741,-1.236762,0.986987,0.470298,1.305115,True
18,1.25s0,0.808079,-1.616158,0.692711,-0.124323,0.663061,-0.579095,-0.310808,-0.653221,0.552682,0.803090,1.355771,-1.232316,0.974890,0.443853,1.453078,True
18,1.5s0,0.807407,-1.614814,0.710464,-0.176087,0.551056,-0.415555,-0.440218,-0.814073,0.437474,0.824046,1.261520,-1.229628,0.932971,0.360499,1.883645,True
275,1s0,0.810795,-1.621590,0.761616,0.075627,0.610690,-0.432932,0.189067,-0.810248,0.579317,0.792990,1.372306,-1.243181,0.982059,0.459392,1.368837,True
275,1.25s0,0.810316,-1.620633,0.765042,0.074082,0.605631,-0.421369,0.185205,-0.819896,0.576520,0.794154,1.370673,-1.241265,0.981354,0.457845,1.377496,True
275,1.5s0,0.810111,-1.620222,0.764937,0.068319,0.610293,-0.426917,0.170797,-0.813527,0.584435,0.790795,1.375231,-1.240444,0.983322,0.462169,1.353094,True
148,1s0,0.798318,-1.596637,0.635844,-0.170613,0.663045,-0.630637,-0.426532,-0.562636,0.478291,0.820599,1.298889,-1.193274,0.949813,0.392485,1.715691,True
148,1.25s0,0.795819,-1.591638,0.629670,-0.186602,0.643735,-0.609219,-0.466505,-0.574057,0.449968,0.823437,1.273405,-1.183276,0.938360,0.370520,1.829991,True
148,1.5s0,0.794367,-1.588734,0.631564,-0.197947,0.620887,-0.575387,-0.494869,-0.602081,0.428206,0.824245,1.252450,-1.177468,0.928838,0.352946,1.924879,True
21,1s0,0.795409,-1.590819,0.803808,0.014347,0.548904,-0.272189,0.035867,-0.909449,0.548099,0.804613,1.352711,-1.181637,0.973557,0.441007,1.468006,True
21,1.25s0,0.793411,-1.586821,0.814552,0.013779,0.509678,-0.205729,0.034448,-0.967914,0.509056,0.815174,1.324230,-1.173643,0.961065,0.414969,1.601342,True
21,1.5s0,0.791919,-1.583837,0.802714,0.013122,0.552448,-0.271005,0.032805,-0.896669,0.551762,0.803400,1.355163,-1.167674,0.974625,0.443286,1.456062,True
147,1s0,0.647752,-1.295504,0.751687,-0.012003,0.653406,-0.172652,-0.030007,-0.418356,0.651961,0.753132,1.405093,-0.591009,0.996123,0.491013,1.155179,True
147,1.25s0,0.643180,-1.286361,0.813260,-0.035486,0.502772,0.101750,-0.088716,-0.674472,0.498767,0.817264,1.316032,-0.572722,0.957439,0.407625,1.638568,True
147,1.5s0,0.640959,-1.281918,0.814037,-0.037806,0.496500,0.115004,-0.094516,-0.678840,0.492061,0.818477,1.310538,-0.563836,0.955002,0.402740,1.663365,True
279,1s0,0.834374,-1.668747,0.657399,-0.183237,0.620470,-0.622585,-0.458091,-0.714909,0.454770,0.823099,1.277869,-1.337494,0.940376,0.374321,1.809924,True
279,1.25s0,0.829891,-1.659781,0.664946,-0.177581,0.621753,-0.605790,-0.443954,-0.713773,0.464460,0.822239,1.286699,-1.319562,0.944352,0.381897,1.770314,True
279,1.5s0,0.827344,-1.654687,0.668868,-0.175380,0.620867,-0.594687,-0.438450,-0.714688,0.467853,0.821882,1.289735,-1.309375,0.945715,0.384520,1.756712,True
24,1s0,0.391312,-0.782623,0.754571,-0.063523,0.631211,0.371576,-0.158808,0.063177,0.604350,0.781432,1.385782,0.434754,0.987864,0.472258,1.293014,True
24,1.25s0,0.387584,-0.775168,0.778704,-0.094286,0.553078,0.506864,-0.235715,-0.057201,0.518865,0.812917,1.331781,0.449663,0.964393,0.421794,1.566721,True
24,1.5s0,0.386026,-0.772052,0.799219,-0.068497,0.524391,0.571482,-0.171241,-0.115587,0.508266,0.815344,1.323610,0.455895,0.960792,0.414412,1.604169,True
153,1s0,0.598416,-1.196831,0.666974,0.168790,0.634292,-0.155979,0.421974,-0.237683,0.481054,0.820212,1.301267,-0.393663,0.950874,0.394567,1.705030,True
153,1.25s0,0.596420,-1.192839,0.682235,0.094313,0.699330,-0.214208,0.235782,-0.171470,0.596083,0.785482,1.381565,-0.385678,0.986051,0.468213,1.317738,True
153,1.5s0,0.595485,-1.190970,0.701697,0.024039,0.710403,-0.201853,0.060098,-0.180087,0.681620,0.730480,1.412100,-0.381939,0.999103,0.497909,1.071682,True
154,1s0,0.660765,-1.321531,0.589556,-0.136983,0.732728,-0.500495,-0.342457,-0.142567,0.506582,0.815702,1.322284,-0.643062,0.960206,0.413220,1.610208,True
154,1.25s0,0.659020,-1.318040,0.560298,-0.150606,0.734313,-0.535559,-0.376516,-0.100521,0.473372,0.821238,1.294611,-0.636081,0.947900,0.388752,1.734867,True
154,1.5s0,0.658483,-1.316967,0.542691,-0.159387,0.732755,-0.554547,-0.398467,-0.079387,0.452156,0.823290,1.275446,-0.633934,0.939283,0.372256,1.820810,True
26,1s0,0.579904,-1.159808,0.678267,0.142544,0.658454,-0.135042,0.356361,-0.184575,0.525472,0.811248,1.336721,-0.319616,0.966564,0.426289,1.543847,True
26,1.25s0,0.575834,-1.151668,0.683568,0.144773,0.649749,-0.109394,0.361932,-0.193942,0.520901,0.812415,1.333316,-0.303336,0.965068,0.423188,1.559634,True
26,1.5s0,0.573450,-1.146901,0.688162,0.143808,0.645616,-0.093719,0.359520,-0.200083,0.521516,0.812262,1.333777,-0.293801,0.965271,0.423607,1.557501,True
29,1s0,0.419814,-0.839628,0.779373,-0.121526,0.490296,0.521719,-0.303816,-0.200975,0.445996,0.823673,1.269669,0.320744,0.936670,0.367355,1.846818,True
29,1.25s0,0.418380,-0.836760,0.758789,0.030045,0.639410,0.312463,0.075112,0.014016,0.632275,0.765924,1.398199,0.326480,0.993182,0.484275,1.211378,True
29,1.5s0,0.417286,-0.834572,0.633438,-0.071156,0.750025,0.019694,-0.177890,0.311161,0.599746,0.783717,1.383463,0.330855,0.986867,0.470031,1.306747,True
30,1s0,0.640879,-1.281758,0.632962,-0.060425,0.754632,-0.433845,-0.151063,-0.129671,0.608052,0.779541,1.387594,-0.563516,0.988642,0.474002,1.282030,True
30,1.25s0,0.638534,-1.277068,0.732634,0.017027,0.677894,-0.208643,0.042567,-0.345492,0.673030,0.737498,1.410528,-0.554136,0.998435,0.496358,1.095787,True
30,1.5s0,0.637075,-1.274149,0.742792,0.014772,0.665310,-0.177297,0.036931,-0.371001,0.662590,0.745513,1.408103,-0.548298,0.997404,0.493969,1.125151,True
32,1s0,0.083237,-0.166473,0.634417,-0.121799,0.717805,0.729291,-0.304497,0.937762,0.547373,0.804848,1.352221,1.667053,0.973344,0.440552,1.470383,True
32,1.25s0,0.085451,-0.170903,0.660051,-0.110871,0.706788,0.770677,-0.277177,0.887518,0.570113,0.796726,1.366839,1.658194,0.979695,0.454224,1.397489,True
32,1.5s0,0.087489,-0.174978,0.682279,-0.106001,0.690639,0.814572,-0.265003,0.835472,0.580375,0.792543,1.372918,1.650044,0.982324,0.459972,1.365569,True
161,1s0,0.820567,-1.641135,0.705571,-0.021386,0.707021,-0.642947,-0.053466,-0.639323,0.684897,0.727695,1.412592,-1.282270,0.999312,0.498396,1.062487,True
161,1.25s0,0.820111,-1.640222,0.707329,0.001689,0.706874,-0.639653,0.004222,-0.640792,0.705398,0.708806,1.414203,-1.280444,0.999996,0.499990,1.004832,True
161,1.5s0,0.819854,-1.639708,0.709969,0.014962,0.703414,-0.631515,0.037405,-0.647902,0.691375,0.722009,1.413384,-1.279417,0.999648,0.499179,1.044308,True
160,1s0,0.535605,-1.071210,0.539462,0.075891,0.791974,-0.386851,0.189727,0.244431,0.518408,0.813027,1.331436,-0.142420,0.964241,0.421480,1.568314,True
160,1.25s0,0.535033,-1.070065,0.531765,0.071972,0.795860,-0.400184,0.179930,0.260053,0.513425,0.814200,1.327625,-0.140131,0.962563,0.418031,1.585822,True
160,1.5s0,0.533068,-1.066136,0.509936,0.075596,0.800071,-0.428805,0.188990,0.296533,0.491420,0.818586,1.310007,-0.132272,0.954766,0.402270,1.665756,True
40,1s0,0.353630,-0.707260,0.726392,0.093972,0.650223,0.387951,0.234929,0.197528,0.586911,0.789703,1.376615,0.585479,0.983919,0.463486,1.345524,True
40,1.25s0,0.354382,-0.708765,0.730314,0.057330,0.668722,0.368225,0.143325,0.214245,0.634441,0.764596,1.399037,0.582471,0.993540,0.485091,1.205150,True
40,1.5s0,0.353994,-0.707987,0.721718,0.023810,0.689570,0.332198,0.059526,0.251827,0.676916,0.734372,1.411288,0.584025,0.998758,0.497108,1.084880,True
171,1s0,0.329496,-0.658992,0.747681,0.009293,0.659272,0.451521,0.023233,0.230496,0.658305,0.748648,1.406953,0.682017,0.996915,0.492839,1.137235,True
171,1.25s0,0.337324,-0.674649,0.768469,0.010636,0.627480,0.501588,0.026590,0.149115,0.626682,0.769267,1.395949,0.650703,0.992221,0.482086,1.227523,True
171,1.5s0,0.342199,-0.684397,0.788038,0.013249,0.589544,0.563719,0.033122,0.067486,0.588664,0.788918,1.377582,0.631205,0.984336,0.464408,1.340184,True
172,1s0,0.538381,-1.076762,0.604498,0.020547,0.780173,-0.296356,0.051366,0.142832,0.602127,0.782544,1.384671,-0.153524,0.987387,0.471191,1.299633,True
172,1.25s0,0.535572,-1.071145,0.622072,0.047755,0.765308,-0.250190,0.119387,0.107900,0.607611,0.779769,1.387380,-0.142290,0.988550,0.473796,1.283337,True
172,1.5s0,0.533050,-1.066099,0.630120,0.074438,0.750671,-0.216787,0.186095,0.084589,0.594614,0.786177,1.380791,-0.132198,0.985718,0.467472,1.322165,True
47,1s0,0.835292,-1.670585,0.718319,-0.169070,0.552181,-0.462912,-0.422674,-0.878257,0.446875,0.823624,1.270500,-1.341169,0.937046,0.368057,1.843075,True
47,1.25s0,0.832139,-1.664279,0.744132,-0.156173,0.518628,-0.382399,-0.390431,-0.946159,0.438759,0.824001,1.262760,-1.328558,0.933535,0.361538,1.878027,True
47,1.5s0,0.830455,-1.660911,0.776839,-0.129151,0.472546,-0.280544,-0.322877,-1.041277,0.425122,0.824263,1.249385,-1.321821,0.927436,0.350412,1.938887,True
180,1s0,0.804302,-1.608603,0.724925,0.125312,0.619703,-0.477075,0.313281,-0.740132,0.536405,0.808223,1.344628,-1.217207,0.970028,0.433535,1.506739,True
180,1.25s0,0.803128,-1.606257,0.746181,0.119933,0.590403,-0.411534,0.299832,-0.800979,0.525286,0.811297,1.336583,-1.212513,0.966503,0.426163,1.544486,True
180,1.5s0,0.802292,-1.604585,0.758529,0.115995,0.570404,-0.369428,0.289989,-0.839741,0.515126,0.813808,1.328933,-1.209170,0.963139,0.419213,1.579823,True
183,1s0,0.816564,-1.633129,0.540831,0.097260,0.781326,-0.933748,0.243151,-0.332510,0.506420,0.815736,1.322156,-1.266258,0.960149,0.413105,1.610788,True
183,1.25s0,0.814535,-1.629070,0.548585,0.085128,0.784890,-0.924451,0.212820,-0.333690,0.521112,0.812363,1.333475,-1.258140,0.965138,0.423332,1.558902,True
183,1.5s0,0.813279,-1.626558,0.556700,0.077447,0.785463,-0.912512,0.193618,-0.340604,0.532947,0.809216,1.342163,-1.253116,0.968949,0.431269,1.518381,True
185,1s0,0.658306,-1.316612,0.748988,0.004028,0.657764,-0.202582,0.010070,-0.430642,0.657586,0.749165,1.406751,-0.633224,0.996829,0.492641,1.139265,True
185,1.25s0,0.649322,-1.298644,0.753852,-0.027562,0.647541,-0.165754,-0.068906,-0.431533,0.640820,0.760573,1.401393,-0.597287,0.994546,0.487390,1.186875,True
185,1.5s0,0.642907,-1.285814,0.756253,-0.047225,0.637157,-0.136943,-0.118061,-0.434684,0.620704,0.772705,1.393409,-0.571627,0.991134,0.479621,1.244886,True
58,1s0,0.662207,-1.324414,0.676360,-0.015693,0.734030,-0.396501,-0.039232,-0.252327,0.672367,0.738024,1.410390,-0.648827,0.998377,0.496223,1.097650,True
58,1.25s0,0.655984,-1.311968,0.657881,-0.017094,0.748052,-0.424682,-0.042736,-0.199253,0.654749,0.751184,1.405933,-0.623936,0.996481,0.491837,1.147286,True
58,1.5s0,0.652468,-1.304935,0.645595,-0.013406,0.756910,-0.444078,-0.033515,-0.165793,0.644004,0.758501,1.402505,-0.609871,0.995020,0.488478,1.177790,True
60,1s0,0.812916,-1.625833,0.689710,0.012861,0.722941,-0.667372,0.032153,-0.584294,0.685314,0.727337,1.412651,-1.251666,0.999337,0.498454,1.061320,True
60,1.25s0,0.813677,-1.627353,0.683016,0.018138,0.728221,-0.683860,0.045344,-0.570846,0.676638,0.734598,1.411236,-1.254706,0.998736,0.497057,1.085660,True
60,1.5s0,0.814189,-1.628377,0.678420,0.021502,0.731640,-0.694902,0.053755,-0.561852,0.670819,0.739242,1.410060,-1.256754,0.998236,0.495897,1.101999,True
188,1s0,0.789538,-1.579075,0.774882,0.054824,0.600491,-0.361088,0.137059,-0.797063,0.584688,0.790685,1.375373,-1.158151,0.983383,0.462304,1.352318,True
188,1.25s0,0.786211,-1.572421,0.783863,0.064951,0.573433,-0.309383,0.162377,-0.835459,0.555000,0.802296,1.357296,-1.144842,0.975553,0.445274,1.445579,True
188,1.5s0,0.784042,-1.568085,0.790694,0.075014,0.544576,-0.260438,0.187536,-0.875731,0.523515,0.811755,1.335270,-1.136169,0.965927,0.424966,1.550586,True
191,1s0,0.134042,-0.268084,0.666397,0.148620,0.663421,0.735636,0.371550,0.728197,0.516282,0.813536,1.329818,1.463833,0.963529,0.420014,1.575761,True
191,1.25s0,0.151101,-0.302203,0.680031,0.115216,0.685096,0.691466,0.288041,0.704129,0.567319,0.797808,1.365128,1.395595,0.978953,0.452612,1.406277,True
191,1.5s0,0.162030,-0.324060,0.688542,0.077366,0.703882,0.656766,0.193414,0.695115,0.618467,0.773957,1.392424,1.351881,0.990712,0.478667,1.251412,True
64,1s0,0.808175,-1.616351,0.720400,-0.015977,0.692207,-0.581110,-0.039941,-0.651592,0.684997,0.727609,1.412606,-1.232701,0.999318,0.498410,1.062209,True
64,1.25s0,0.800891,-1.601782,0.732496,-0.036768,0.673842,-0.528464,-0.091921,-0.675100,0.656137,0.750201,1.406338,-1.203564,0.996653,0.492235,1.143360,True
64,1.5s0,0.796944,-1.593888,0.734736,-0.045389,0.668163,-0.510672,-0.113473,-0.677105,0.645163,0.757736,1.402899,-1.187776,0.995188,0.488863,1.174488,True
192,1s0,0.265056,-0.530112,0.471068,-0.063393,0.811268,0.044638,-0.158483,0.895138,0.459639,0.822697,1.282336,0.939776,0.942390,0.378144,1.789876,True
192,1.25s0,0.281604,-0.563209,0.459654,-0.044698,0.817649,-0.010703,-0.111746,0.884285,0.454157,0.823145,1.277303,0.873582,0.940121,0.373838,1.812467,True
192,1.5s0,0.291372,-0.582744,0.492824,-0.024402,0.816831,0.012248,-0.061005,0.822265,0.490997,0.818658,1.309655,0.834513,0.954609,0.401959,1.667339,True
194,1s0,0.809026,-1.618051,0.729931,0.147864,0.575393,-0.424878,0.369661,-0.811224,0.485826,0.819498,1.305324,-1.236103,0.952683,0.398133,1.686816,True
194,1.25s0,0.807272,-1.614544,0.720251,0.175150,0.529319,-0.375879,0.437876,-0.853209,0.425307,0.824263,1.249570,-1.229088,0.927521,0.350565,1.938042,True
194,1.5s0,0.806157,-1.612313,0.727582,0.152640,0.570553,-0.416027,0.381601,-0.808600,0.477418,0.820717,1.298134,-1.224626,0.949475,0.391825,1.719075,True
198,1s0,0.498392,-0.996785,0.819548,0.034622,0.461055,0.451332,0.086554,-0.444901,0.457742,0.822861,1.280602,0.006431,0.941609,0.376658,1.797653,True
198,1.25s0,0.501084,-1.002168,0.809676,0.032692,0.520804,0.358923,0.081729,-0.363258,0.517150,0.813330,1.330480,-0.004336,0.963820,0.420614,1.572714,True
198,1.5s0,0.502990,-1.005980,0.796268,0.027896,0.565887,0.281996,0.069740,-0.293956,0.562557,0.799597,1.362154,-0.011960,0.977664,0.449819,1.421363,True
70,1s0,0.144793,-0.289587,0.798103,-0.046612,0.550356,1.020097,-0.116529,0.400730,0.541877,0.806582,1.348459,1.420827,0.971702,0.437068,1.488498,True
70,1.25s0,0.154779,-0.309559,0.816444,-0.018751,0.498368,1.088036,-0.046876,0.292846,0.497267,0.817546,1.314813,1.380882,0.956899,0.406538,1.644079,True
70,1.5s0,0.161104,-0.322208,0.822768,-0.008911,0.456443,1.135699,-0.022277,0.219886,0.456227,0.822985,1.279212,1.355585,0.940982,0.375468,1.803894,True
71,1s0,0.562495,-1.124991,0.642648,-0.091130,0.733617,-0.238701,-0.227826,-0.011280,0.586282,0.789983,1.376265,-0.249981,0.983768,0.463153,1.347446,True
71,1.25s0,0.558301,-1.116601,0.668559,-0.069065,0.725562,-0.187855,-0.172662,-0.045348,0.622345,0.771775,1.394120,-0.233203,0.991439,0.480311,1.240107,True
71,1.5s0,0.555666,-1.111331,0.682173,-0.054183,0.720256,-0.158935,-0.135457,-0.063728,0.643783,0.758646,1.402429,-0.222662,0.994988,0.488404,1.178418,True
77,1s0,0.806745,-1.613491,0.665650,0.121659,0.692836,-0.647473,0.304147,-0.579509,0.556827,0.801659,1.358486,-1.226982,0.976071,0.446386,1.439690,True
77,1.25s0,0.804840,-1.609681,0.685580,0.127453,0.667627,-0.587240,0.318633,-0.632121,0.548835,0.804372,1.353207,-1.219361,0.973773,0.441467,1.465601,True
77,1.5s0,0.803532,-1.607063,0.694200,0.130470,0.654677,-0.557659,0.326176,-0.656467,0.542480,0.806396,1.348876,-1.214126,0.971884,0.437454,1.486500,True
205,1s0,0.760647,-1.521294,0.763993,0.079558,0.602940,-0.319978,0.198894,-0.722611,0.570268,0.796666,1.366934,-1.042588,0.979735,0.454313,1.397002,True
205,1.25s0,0.758000,-1.516000,0.793185,0.077739,0.532940,-0.190695,0.194348,-0.841306,0.511487,0.814638,1.326125,-1.032001,0.961902,0.416677,1.592687,True
205,1.5s0,0.756634,-1.513267,0.803238,0.083958,0.472026,-0.099253,0.209894,-0.927281,0.451960,0.823304,1.275264,-1.026534,0.939200,0.372101,1.821630,True
81,1s0,0.731847,-1.463694,0.717803,0.144445,0.603446,-0.320748,0.361112,-0.606641,0.505274,0.815975,1.321249,-0.927389,0.959748,0.412291,1.614914,True
81,1.25s0,0.727212,-1.454423,0.711641,0.143930,0.613956,-0.332317,0.359824,-0.576529,0.510807,0.814790,1.325597,-0.908846,0.961669,0.416201,1.595101,True
81,1.5s0,0.724554,-1.449109,0.702068,0.148111,0.621625,-0.348555,0.370276,-0.549663,0.508372,0.815321,1.323693,-0.898217,0.960828,0.414487,1.603789,True
211,1s0,0.793934,-1.587869,0.735171,0.135567,0.587299,-0.403028,0.338917,-0.772709,0.506817,0.815653,1.322469,-1.175738,0.960288,0.413386,1.609364,True
211,1.25s0,0.793112,-1.586223,0.726276,0.137263,0.600635,-0.429172,0.343158,-0.743275,0.512500,0.814411,1.326910,-1.172446,0.962248,0.417385,1.589095,True
211,1.5s0,0.792757,-1.585513,0.720125,0.135645,0.613121,-0.451758,0.339114,-0.719268,0.520807,0.812438,1.333246,-1.171026,0.965037,0.423124,1.559959,True
216,1s0,0.255258,-0.510516,0.731249,0.159172,0.547100,0.719671,0.397930,0.259297,0.455290,0.823059,1.278349,0.978967,0.940593,0.374731,1.807768,True
216,1.25s0,0.257017,-0.514034,0.752815,0.142035,0.532459,0.761411,0.355088,0.210521,0.462878,0.822396,1.285274,0.971933,0.943711,0.380669,1.776700,True
216,1.5s0,0.258016,-0.516032,0.761325,0.121416,0.554289,0.742762,0.303540,0.225174,0.498252,0.817362,1.315614,0.967936,0.957254,0.407252,1.640459,True
89,1s0,0.829096,-1.658193,0.792972,0.097185,0.496130,-0.287140,0.242962,-1.029246,0.467143,0.821959,1.289102,-1.316385,0.945431,0.383972,1.759546,True
89,1.25s0,0.825137,-1.650274,0.804245,0.085341,0.456646,-0.215776,0.213352,-1.084772,0.436824,0.824067,1.260891,-1.300547,0.932685,0.359972,1.886495,True
89,1.5s0,0.822443,-1.644885,0.810844,0.067942,0.460647,-0.207139,0.169854,-1.082632,0.447927,0.823564,1.271491,-1.289771,0.937494,0.368897,1.838609,True
88,1s0,0.332792,-0.665584,0.639003,-0.030693,0.758933,0.184505,-0.076733,0.484328,0.631604,0.766331,1.397936,0.668833,0.993070,0.484018,1.213309,True
88,1.25s0,0.340663,-0.681326,0.634344,-0.023017,0.763096,0.157734,-0.057542,0.479614,0.630353,0.767087,1.397440,0.637348,0.992858,0.483535,1.216917,True
88,1.5s0,0.345532,-0.691064,0.650144,-0.013847,0.753802,0.179363,-0.034619,0.438508,0.648326,0.755620,1.403945,0.617872,0.995634,0.489887,1.165494,True
91,1s0,0.770482,-1.540964,0.617908,0.018484,0.773290,-0.735192,0.046210,-0.346737,0.615739,0.775458,1.391197,-1.081929,0.990187,0.477480,1.259393,True
91,1.25s0,0.770293,-1.540586,0.613359,0.027075,0.774659,-0.742211,0.067689,-0.338961,0.608936,0.779083,1.388019,-1.081171,0.988824,0.474411,1.279417,True
91,1.5s0,0.770417,-1.540833,0.607070,0.032486,0.777069,-0.753333,0.081216,-0.328334,0.601073,0.783066,1.384139,-1.081667,0.987158,0.470680,1.302779,True
222,1s0,0.816097,-1.632194,0.710942,0.003065,0.703185,-0.622497,0.007662,-0.641890,0.702120,0.712007,1.414127,-1.264388,0.999963,0.499914,1.014081,True
222,1.25s0,0.815656,-1.631311,0.713850,0.007390,0.700001,-0.614001,0.018474,-0.648621,0.696799,0.717052,1.413851,-1.262622,0.999846,0.499641,1.029066,True
222,1.5s0,0.815412,-1.630823,0.714974,0.012684,0.698428,-0.610141,0.031709,-0.651505,0.691558,0.721844,1.413402,-1.261646,0.999656,0.499197,1.043794,True
223,1s0,0.326490,-0.652980,0.670009,-0.024330,0.737992,0.262041,-0.060825,0.431998,0.662199,0.745802,1.408002,0.694039,0.997361,0.493870,1.126251,True
223,1.25s0,0.335666,-0.671333,0.672255,-0.019496,0.736898,0.247863,-0.048741,0.409471,0.666830,0.742323,1.409154,0.657335,0.997851,0.495004,1.113212,True
223,1.5s0,0.341719,-0.683438,0.687109,-0.010562,0.725411,0.268685,-0.026405,0.364439,0.684390,0.728130,1.412520,0.633124,0.999281,0.498325,1.063912,True
224,1s0,0.815694,-1.631388,0.607964,0.039441,0.775182,-0.840411,0.098603,-0.422366,0.599128,0.784018,1.383145,-1.262777,0.986731,0.469727,1.308599,True
224,1.25s0,0.815176,-1.630352,0.659263,0.026216,0.745824,-0.738553,0.065541,-0.522151,0.651942,0.753145,1.405087,-1.260704,0.996120,0.491007,1.155233,True
224,1.5s0,0.814906,-1.629812,0.687559,0.014159,0.724722,-0.676265,0.035397,-0.583359,0.682779,0.729501,1.412281,-1.259624,0.999180,0.498089,1.068429,True
226,1s0,0.828774,-1.657548,0.791713,-0.106287,0.473120,-0.259306,-0.265719,-1.055789,0.440916,0.823917,1.264834,-1.315095,0.934477,0.363279,1.868648,True
226,1.25s0,0.821251,-1.642502,0.793114,-0.101410,0.482417,-0.254131,-0.253524,-1.030874,0.452247,0.823284,1.275531,-1.285005,0.939321,0.372328,1.820430,True
226,1.5s0,0.816633,-1.633265,0.791066,-0.088454,0.523300,-0.298558,-0.221135,-0.967973,0.496719,0.817647,1.314366,-1.266530,0.956701,0.406141,1.646097,True
229,1s0,0.304237,-0.608474,0.565458,0.127485,0.752226,0.158066,0.318713,0.624986,0.500814,0.816871,1.317685,0.783052,0.958172,0.409100,1.631087,True
229,1.25s0,0.315238,-0.630477,0.571380,0.136201,0.742470,0.155661,0.340504,0.583386,0.496087,0.817763,1.313850,0.739046,0.956472,0.405682,1.648425,True
229,1.5s0,0.320092,-0.640185,0.572480,0.136833,0.741416,0.148646,0.342084,0.570985,0.496143,0.817753,1.313896,0.719630,0.956492,0.405722,1.648220,True
102,1s0,0.333122,-0.666243,0.678582,-0.028241,0.730413,0.268969,-0.070602,0.398545,0.666168,0.742827,1.408995,0.667513,0.997784,0.494848,1.115074,True
102,1.25s0,0.341779,-0.683557,0.677049,-0.024708,0.732288,0.247393,-0.061769,0.385492,0.667610,0.741727,1.409337,0.632885,0.997929,0.495184,1.111018,True
102,1.5s0,0.346954,-0.693907,0.696971,-0.008416,0.716649,0.281496,-0.021039,0.330690,0.693863,0.719757,1.413621,0.612186,0.999748,0.499413,1.037319,True
231,1s0,0.670591,-1.341181,0.696875,0.022888,0.715186,-0.364069,0.057220,-0.318294,0.681379,0.730682,1.412061,-0.682363,0.999086,0.497871,1.072357,True
231,1.25s0,0.666660,-1.333319,0.715182,-0.051280,0.689042,-0.300644,-0.128199,-0.365994,0.649193,0.755031,1.404224,-0.666638,0.995753,0.490161,1.163030,True
231,1.5s0,0.664764,-1.329529,0.680646,-0.138254,0.660993,-0.304962,-0.345634,-0.354095,0.532217,0.809421,1.341638,-0.659057,0.968720,0.430788,1.520849,True
232,1s0,0.703903,-1.407807,0.723328,0.115287,0.633975,-0.296116,0.288218,-0.519497,0.555011,0.802292,1.357303,-0.815613,0.975556,0.445281,1.445544,True
232,1.25s0,0.701586,-1.403172,0.720526,0.150946,0.587543,-0.236943,0.377364,-0.569401,0.489093,0.818976,1.308068,-0.806345,0.953904,0.400555,1.674479,True
232,1.5s0,0.698886,-1.397772,0.695551,0.166847,0.599556,-0.277779,0.417119,-0.517765,0.473940,0.821168,1.295107,-0.795544,0.948122,0.389184,1.732642,True
233,1s0,0.827068,-1.654137,0.789837,-0.063689,0.559334,-0.366008,-0.159224,-0.942266,0.542907,0.806264,1.349171,-1.308273,0.972013,0.437726,1.485088,True
233,1.25s0,0.820448,-1.640896,0.797617,-0.046873,0.551595,-0.333368,-0.117183,-0.948425,0.542967,0.806245,1.349212,-1.281792,0.972031,0.437764,1.484889,True
233,1.5s0,0.816145,-1.632289,0.802927,-0.037379,0.541823,-0.305910,-0.093449,-0.958669,0.536577,0.808173,1.344750,-1.264579,0.970081,0.433647,1.506163,True
234,1s0,0.801308,-1.602615,0.752444,0.149482,0.511488,-0.301420,0.373705,-0.903811,0.439977,0.823955,1.263932,-1.205231,0.934068,0.362522,1.872723,True
234,1.25s0,0.795664,-1.591327,0.755530,0.144938,0.515087,-0.290774,0.362344,-0.891881,0.447000,0.823617,1.270618,-1.182655,0.937099,0.368157,1.842543,True
234,1.5s0,0.792023,-1.584046,0.748969,0.153369,0.510997,-0.286580,0.383424,-0.881511,0.435870,0.824096,1.259965,-1.168091,0.932264,0.359198,1.890693,True
107,1s0,0.803202,-1.606404,0.773761,-0.066197,0.594817,-0.382725,-0.165492,-0.830084,0.572991,0.795587,1.368577,-1.212809,0.980447,0.455864,1.388480,True
107,1.25s0,0.800807,-1.601614,0.773360,-0.075351,0.587899,-0.369788,-0.188378,-0.833440,0.561144,0.800115,1.361259,-1.203228,0.977275,0.448980,1.425864,True
107,1.5s0,0.799298,-1.598596,0.768850,-0.090224,0.582315,-0.365427,-0.225560,-0.831765,0.545816,0.805348,1.351164,-1.197192,0.972883,0.439572,1.475493,True
106,1s0,0.297386,-0.594772,0.780718,0.077215,0.569234,0.669582,0.193039,0.140873,0.544043,0.805909,1.349952,0.810455,0.972354,0.438449,1.481335,True
106,1.25s0,0.312737,-0.625474,0.812335,0.010998,0.519967,0.739986,0.027496,0.009066,0.519554,0.812748,1.332302,0.749052,0.964622,0.422266,1.564319,True
106,1.5s0,0.323627,-0.647255,0.819351,-0.033671,0.464750,0.795997,-0.084176,-0.090506,0.461581,0.822520,1.284100,0.705490,0.943184,0.379659,1.781963,True
109,1s0,0.786678,-1.573355,0.693073,-0.108072,0.678002,-0.554517,-0.270179,-0.592193,0.577203,0.793871,1.371075,-1.146710,0.981527,0.458225,1.375376,True
109,1.25s0,0.785632,-1.571265,0.672752,-0.160191,0.640900,-0.531450,-0.400478,-0.611080,0.495845,0.817807,1.313652,-1.142529,0.956384,0.405506,1.649319,True
109,1.5s0,0.784774,-1.569548,0.663986,-0.184277,0.610323,-0.502469,-0.460692,-0.636627,0.450934,0.823374,1.274308,-1.139096,0.938769,0.371288,1.825929,True
240,1s0,0.759617,-1.519234,0.655623,-0.086764,0.726617,-0.607975,-0.216910,-0.430492,0.597376,0.784864,1.382240,-1.038467,0.986341,0.468859,1.313854,True
240,1.25s0,0.756911,-1.513822,0.673491,-0.062480,0.724395,-0.577451,-0.156199,-0.450193,0.631478,0.766408,1.397886,-1.027644,0.993049,0.483970,1.213672,True
240,1.5s0,0.755470,-1.510940,0.677387,-0.053888,0.724466,-0.569788,-0.134720,-0.452091,0.642121,0.759731,1.401853,-1.021879,0.994742,0.487840,1.183158,True
124,1s0,0.495271,-0.990542,0.703386,-0.122651,0.652308,0.073305,-0.306627,-0.054390,0.552566,0.803129,1.355695,0.018916,0.974857,0.443782,1.453454,True
124,1.25s0,0.492116,-0.984233,0.678838,-0.136738,0.664675,0.033470,-0.341846,-0.001935,0.534835,0.808678,1.343513,0.031534,0.969540,0.432509,1.512014,True
124,1.5s0,0.489536,-0.979071,0.658563,-0.142961,0.677697,-0.002989,-0.357403,0.044846,0.524849,0.811411,1.336260,0.041858,0.966361,0.425868,1.545990,True
242,1s0,0.806476,-1.612951,0.804000,0.085234,0.459920,-0.182852,0.213084,-1.043051,0.439964,0.823956,1.263920,-1.225903,0.934062,0.362511,1.872781,True
242,1.25s0,0.805260,-1.610520,0.778658,0.029917,0.604860,-0.393273,0.074793,-0.827768,0.599854,0.783664,1.383518,-1.221041,0.986891,0.470084,1.306424,True
242,1.5s0,0.804545,-1.609091,0.703885,-7.937496e-04,0.710290,-0.617097,-0.001984,-0.601085,0.703788,0.710387,1.414175,-1.218182,0.999984,0.499962,1.009376,True
116,1s0,0.813226,-1.626452,0.587566,0.007307,0.789265,-0.878576,0.018268,-0.374327,0.587301,0.789530,1.376831,-1.252903,0.984012,0.463692,1.344335,True
116,1.25s0,0.812537,-1.625075,0.582866,0.010261,0.791190,-0.885480,0.025652,-0.364670,0.582362,0.791694,1.374056,-1.250149,0.982815,0.461053,1.359454,True
116,1.5s0,0.812155,-1.624310,0.572314,0.015213,0.795234,-0.902960,0.038034,-0.345661,0.571281,0.796267,1.367547,-1.248621,0.980001,0.454892,1.393828,True
245,1s0,0.151153,-0.302306,0.578769,-0.013276,0.792742,0.430228,-0.033191,0.965160,0.577948,0.793562,1.371510,1.395388,0.981715,0.458638,1.373068,True
245,1.25s0,0.158258,-0.316516,0.622300,2.099416e-04,0.771801,0.496608,5.248540e-04,0.870360,0.622300,0.771801,1.394101,1.366968,0.991430,0.480291,1.240241,True
245,1.5s0,0.162996,-0.325993,0.660328,0.005505,0.747085,0.565560,0.013763,0.782454,0.659980,0.747433,1.407413,1.348014,0.997110,0.493291,1.132509,True
118,1s0,0.184771,-0.369542,0.756556,-0.080206,0.615879,0.806303,-0.200516,0.454612,0.579538,0.792897,1.372435,1.260916,0.982115,0.459514,1.368154,True
118,1.25s0,0.185732,-0.371464,0.758109,-0.100254,0.592923,0.835018,-0.250635,0.422054,0.545622,0.805410,1.351032,1.257072,0.972825,0.439450,1.476131,True
118,1.5s0,0.186231,-0.372462,0.760840,-0.112566,0.570464,0.865509,-0.281415,0.389568,0.518235,0.813069,1.331304,1.255077,0.964183,0.421361,1.568921,True
121,1s0,0.598412,-1.196825,0.720805,-0.075861,0.670341,-0.133744,-0.189653,-0.259905,0.615625,0.775520,1.391146,-0.393649,0.990165,0.477430,1.259727,True
121,1.25s0,0.588045,-1.176091,0.693789,-0.123429,0.662774,-0.137323,-0.308573,-0.214859,0.553882,0.802681,1.356563,-0.352181,0.975234,0.444590,1.449191,True
121,1.5s0,0.581128,-1.162257,0.646996,-0.179821,0.638085,-0.151117,-0.449552,-0.173396,0.462664,0.822417,1.285081,-0.324513,0.943625,0.380503,1.777567,True
127,1s0,0.774762,-1.549524,0.768885,0.069127,0.602251,-0.341231,0.172817,-0.757817,0.577308,0.793828,1.371136,-1.099048,0.981554,0.458283,1.375052,True
127,1.25s0,0.773901,-1.547802,0.750960,0.050344,0.643811,-0.413866,0.125861,-0.681738,0.623868,0.770903,1.394771,-1.095605,0.991717,0.480942,1.235682,True
127,1.5s0,0.773206,-1.546411,0.735314,0.031184,0.671858,-0.467091,0.077961,-0.625732,0.659099,0.748074,1.407172,-1.092823,0.997008,0.493054,1.134995,True
255,1s0,0.815491,-1.630981,0.780790,0.053328,0.589193,-0.391485,0.133320,-0.870477,0.575350,0.794633,1.369983,-1.261963,0.981055,0.457192,1.381129,True
255,1.25s0,0.807151,-1.614302,0.751671,0.031367,0.649735,-0.486883,0.078417,-0.741721,0.640857,0.760549,1.401406,-1.228603,0.994551,0.487403,1.186770,True
255,1.5s0,0.802335,-1.604671,0.715498,0.006140,0.698322,-0.583201,0.015350,-0.626140,0.696353,0.717467,1.413819,-1.209342,0.999833,0.499610,1.030321,True
