system_id,ell,obs_dx,obs_dy,sigma_grad_x,sigma_grad_y,sigma,mv_nlkk,pp_nlkk
L00001,2,-2.198827633,-2.151940183,-2.198827633,-2.151940183,0.201406623,2.965803050089e-07,1.646624849988e-06
L00002,10,-1.837415790,-2.121520842,-1.837415790,-2.121520842,0.208523152,3.831458568930e-07,1.720385331220e-06
L00003,18,-1.733287243,-2.119089404,-1.733287243,-2.119089404,0.211574065,4.124857266590e-07,1.726421742007e-06
L00004,26,-1.687253234,-2.113314596,-1.687253234,-2.113314596,0.212781841,4.261628141083e-07,1.740843597043e-06
L00005,34,-1.666244535,-2.105383406,-1.666244535,-2.105383406,0.213174166,4.325544892507e-07,1.760847303274e-06
L00006,42,-1.661445962,-2.097096538,-1.661445962,-2.097096538,0.213069517,4.340278014341e-07,1.781993677815e-06
L00007,50,-1.674735205,-2.086558738,-1.674735205,-2.086558738,0.212354706,4.299598299656e-07,1.809251154183e-06
L00008,58,-1.688851281,-2.077467849,-1.688851281,-2.077467849,0.211658497,4.256805082915e-07,1.833100752039e-06
L00009,66,-1.699125690,-2.063949630,-1.699125690,-2.063949630,0.210944718,4.225926029095e-07,1.869147852021e-06
L00010,74,-1.709453222,-2.051685545,-1.709453222,-2.051685545,0.210266970,4.195113054023e-07,1.902463617114e-06
L00011,82,-1.719228909,-2.037180355,-1.719228909,-2.037180355,0.209538543,4.166153560531e-07,1.942634751565e-06
L00012,90,-1.727752013,-2.017682426,-1.727752013,-2.017682426,0.208697912,4.141067898932e-07,1.997972577208e-06
L00013,98,-1.734893562,-1.999762704,-1.734893562,-1.999762704,0.207946074,4.120164847483e-07,2.050220297925e-06
L00014,106,-1.736312198,-1.975382838,-1.736312198,-1.975382838,0.207172119,4.116025129627e-07,2.123504350930e-06
L00015,114,-1.733722563,-1.950358901,-1.733722563,-1.950358901,0.206499090,4.123585072300e-07,2.201449500991e-06
L00016,122,-1.727053678,-1.925578203,-1.727053678,-1.925578203,0.205955736,4.143117581098e-07,2.281456138367e-06
L00017,130,-1.717424760,-1.896216254,-1.717424760,-1.896216254,0.205363745,4.171483086995e-07,2.380025772042e-06
L00018,138,-1.701057607,-1.862012761,-1.701057607,-1.862012761,0.204828655,4.220144849406e-07,2.500231266142e-06
L00019,146,-1.683543597,-1.828099181,-1.683543597,-1.828099181,0.204336668,4.272845259198e-07,2.625411162176e-06
L00020,154,-1.662249056,-1.791731400,-1.662249056,-1.791731400,0.203884470,4.337808773670e-07,2.766622337172e-06
L00021,162,-1.634910232,-1.754107250,-1.634910232,-1.754107250,0.203575911,4.422661736387e-07,2.920710053663e-06
L00022,170,-1.607374454,-1.714204915,-1.607374454,-1.714204915,0.203204914,4.509803883731e-07,3.093515520290e-06
L00023,178,-1.571809475,-1.671459941,-1.571809475,-1.671459941,0.202989514,4.624901802259e-07,3.289989980812e-06
L00024,186,-1.535844367,-1.627951651,-1.535844367,-1.627951651,0.202763219,4.744282183799e-07,3.502792408986e-06
L00025,194,-1.497470802,-1.585441102,-1.497470802,-1.585441102,0.202639109,4.875056954721e-07,3.724002932717e-06
L00026,202,-1.458878647,-1.539784051,-1.458878647,-1.539784051,0.202427162,5.010212483278e-07,3.977170003360e-06
L00027,210,-1.423812073,-1.492273041,-1.423812073,-1.492273041,0.202053829,5.136267381121e-07,4.258907202851e-06
L00028,218,-1.382870345,-1.444130759,-1.382870345,-1.444130759,0.201837812,5.287460529300e-07,4.564751479302e-06
L00029,226,-1.339741338,-1.399800805,-1.339741338,-1.399800805,0.201801784,5.451547139541e-07,4.865763719895e-06
L00030,234,-1.294887024,-1.355530806,-1.294887024,-1.355530806,0.201819313,5.627601745980e-07,5.186177591018e-06
L00031,242,-1.254645984,-1.312493154,-1.254645984,-1.312493154,0.201735415,5.790382308637e-07,5.517886547790e-06
L00032,250,-1.216593872,-1.266558454,-1.216593872,-1.266558454,0.201498937,5.948637372869e-07,5.895363815613e-06
L00033,258,-1.178456059,-1.223394608,-1.178456059,-1.223394608,0.201348156,6.111588788338e-07,6.273572829123e-06
L00034,266,-1.141279907,-1.181490797,-1.141279907,-1.181490797,0.201206327,6.274726660822e-07,6.663938316402e-06
L00035,274,-1.106463797,-1.140156118,-1.106463797,-1.140156118,0.201010770,6.431454664967e-07,7.072792716011e-06
L00036,282,-1.078688081,-1.103384165,-1.078688081,-1.103384165,0.200740883,6.559292292430e-07,7.457552891824e-06
L00037,290,-1.051376181,-1.072009238,-1.051376181,-1.072009238,0.200618992,6.687472666174e-07,7.802346722715e-06
L00038,298,-1.026754029,-1.042181753,-1.026754029,-1.042181753,0.200462832,6.805175117030e-07,8.144905168220e-06
L00039,306,-1.007388938,-1.014650760,-1.007388938,-1.014650760,0.200217855,6.899200542926e-07,8.474421845314e-06
L00040,314,-0.991981646,-0.988535976,-0.991981646,-0.988535976,0.200103370,6.974936361681e-07,8.799299716653e-06
L00041,322,-0.974765145,-0.965322324,-0.974765145,-0.965322324,0.200283285,7.060549474077e-07,9.098527785449e-06
L00042,330,-0.959354412,-0.946597686,-0.959354412,-0.946597686,0.200382702,7.138073901813e-07,9.347289770858e-06
L00043,338,-0.949920357,-0.929940946,-0.949920357,-0.929940946,0.200599382,7.185951814640e-07,9.574289618639e-06
L00044,346,-0.941770518,-0.917980353,-0.941770518,-0.917980353,0.200713705,7.227570781911e-07,9.740682624359e-06
L00045,354,-0.933830700,-0.909579200,-0.933830700,-0.909579200,0.200727545,7.268349022402e-07,9.859283508370e-06
L00046,362,-0.931715164,-0.900505912,-0.931715164,-0.900505912,0.200936278,7.279253006655e-07,9.988995567488e-06
L00047,370,-0.926877669,-0.890855465,-0.926877669,-0.890855465,0.201080666,7.304248126052e-07,1.012883206197e-05
L00048,378,-0.926631877,-0.882536133,-0.926631877,-0.882536133,0.201322872,7.305520407390e-07,1.025095066472e-05
L00049,386,-0.926194709,-0.879334430,-0.926194709,-0.879334430,0.201405808,7.307783857254e-07,1.029833950124e-05
L00050,394,-0.926828205,-0.872468789,-0.926828205,-0.872468789,0.201630782,7.304504145106e-07,1.040069866075e-05
L00051,402,-0.929415809,-0.870281568,-0.929415809,-0.870281568,0.201774027,7.291122983574e-07,1.043352093397e-05
L00052,410,-0.930417508,-0.866681318,-0.930417508,-0.866681318,0.201912086,7.285949528477e-07,1.048777336457e-05
L00053,418,-0.931880214,-0.863269468,-0.931880214,-0.863269468,0.202058322,7.278401708778e-07,1.053944710639e-05
L00054,426,-0.928200235,-0.858493369,-0.928200235,-0.858493369,0.202091206,7.297405975128e-07,1.061221085049e-05
L00055,434,-0.925498716,-0.855453935,-0.925498716,-0.855453935,0.202101343,7.311388820939e-07,1.065877790216e-05
L00056,442,-0.922972865,-0.850161909,-0.922972865,-0.850161909,0.202184329,7.324486658472e-07,1.074034496069e-05
L00057,450,-0.920320574,-0.844292037,-0.920320574,-0.844292037,0.202280856,7.338265410370e-07,1.083154885091e-05
L00058,458,-0.918096275,-0.834509893,-0.918096275,-0.834509893,0.202507591,7.349840711731e-07,1.098526417281e-05
L00059,466,-0.913054225,-0.824181222,-0.913054225,-0.824181222,0.202666190,7.376147296900e-07,1.114993584834e-05
L00060,474,-0.908172510,-0.816042137,-0.908172510,-0.816042137,0.202763911,7.401707052388e-07,1.128143574699e-05
L00061,482,-0.899707354,-0.805338362,-0.899707354,-0.805338362,0.202831070,7.446239173574e-07,1.145673615290e-05
L00062,490,-0.890391347,-0.794306822,-0.890391347,-0.794306822,0.202882536,7.495557046639e-07,1.164025532423e-05
L00063,498,-0.875242872,-0.780420256,-0.875242872,-0.780420256,0.202844678,7.576449716171e-07,1.187545542571e-05
L00064,506,-0.863650259,-0.765774672,-0.863650259,-0.765774672,0.202936268,7.638943295315e-07,1.212866220033e-05
L00065,514,-0.848263133,-0.749892932,-0.848263133,-0.749892932,0.202951106,7.722689267225e-07,1.240934607785e-05
L00066,522,-0.835526289,-0.733236401,-0.835526289,-0.733236401,0.203068697,7.792704899933e-07,1.271070442770e-05
L00067,530,-0.820994565,-0.717676762,-0.820994565,-0.717676762,0.203099534,7.873362753307e-07,1.299882513127e-05
L00068,538,-0.805429353,-0.699526393,-0.805429353,-0.699526393,0.203177089,7.960683184285e-07,1.334318187427e-05
L00069,546,-0.789283211,-0.680501909,-0.789283211,-0.680501909,0.203263439,8.052286087820e-07,1.371391890538e-05
L00070,554,-0.772839449,-0.661945791,-0.772839449,-0.661945791,0.203326810,8.146660958049e-07,1.408545003321e-05
L00071,562,-0.756662399,-0.643242826,-0.756662399,-0.643242826,0.203402587,8.240584371162e-07,1.447010720403e-05
L00072,570,-0.735265611,-0.623359693,-0.735265611,-0.623359693,0.203357178,8.366478776689e-07,1.489056276255e-05
L00073,578,-0.716265341,-0.602229430,-0.716265341,-0.602229430,0.203421077,8.479883909125e-07,1.535078921160e-05
L00074,586,-0.697141470,-0.579740271,-0.697141470,-0.579740271,0.203522036,8.595579012882e-07,1.585624921801e-05
L00075,594,-0.680183541,-0.559574061,-0.680183541,-0.559574061,0.203618284,8.699490418550e-07,1.632363688775e-05
L00076,602,-0.662464093,-0.541278241,-0.662464093,-0.541278241,0.203635576,8.809410418281e-07,1.675958370684e-05
L00077,610,-0.645401379,-0.523354367,-0.645401379,-0.523354367,0.203661410,8.916568860409e-07,1.719795588175e-05
L00078,618,-0.628845643,-0.502110373,-0.628845643,-0.502110373,0.203802058,9.021789161113e-07,1.773240248369e-05
L00079,626,-0.613123027,-0.482884720,-0.613123027,-0.482884720,0.203907149,9.122863824955e-07,1.823037523820e-05
L00080,634,-0.600181642,-0.465683736,-0.600181642,-0.465683736,0.204034937,9.206908096651e-07,1.868774736236e-05
L00081,642,-0.587667580,-0.448806074,-0.587667580,-0.448806074,0.204165845,9.288913490143e-07,1.914767390754e-05
L00082,650,-0.574458119,-0.431004934,-0.574458119,-0.431004934,0.204303596,9.376268434248e-07,1.964503651246e-05
L00083,658,-0.563511128,-0.416622438,-0.563511128,-0.416622438,0.204406661,9.449283692420e-07,2.005630260722e-05
L00084,666,-0.554013884,-0.402603095,-0.554013884,-0.402603095,0.204542324,9.513089760282e-07,2.046546934218e-05
L00085,674,-0.542448393,-0.389432094,-0.542448393,-0.389432094,0.204590489,9.591373188518e-07,2.085747837392e-05
L00086,682,-0.530743863,-0.376718155,-0.530743863,-0.376718155,0.204620771,9.671253606325e-07,2.124300472063e-05
L00087,690,-0.521488606,-0.364886357,-0.521488606,-0.364886357,0.204698067,9.734889109276e-07,2.160818060446e-05
L00088,698,-0.514037801,-0.352534014,-0.514037801,-0.352534014,0.204845114,9.786421996712e-07,2.199612209335e-05
L00089,706,-0.504865391,-0.341161054,-0.504865391,-0.341161054,0.204911130,9.850237015516e-07,2.235946031061e-05
L00090,714,-0.498621820,-0.331886395,-0.498621820,-0.331886395,0.205002063,9.893913143874e-07,2.266020138168e-05
L00091,722,-0.493457271,-0.323460985,-0.493457271,-0.323460985,0.205099889,9.930187413968e-07,2.293690957002e-05
L00092,730,-0.486581113,-0.314471576,-0.486581113,-0.314471576,0.205163286,9.978690021866e-07,2.323586751885e-05
L00093,738,-0.483134819,-0.304864889,-0.483134819,-0.304864889,0.205348098,1.000308832627e-06,2.355966246547e-05
L00094,746,-0.477023525,-0.296642725,-0.477023525,-0.296642725,0.205411424,1.004650047862e-06,2.384037302277e-05
L00095,754,-0.469380021,-0.287444819,-0.469380021,-0.287444819,0.205458056,1.010106209801e-06,2.415836150074e-05
L00096,762,-0.458733857,-0.278455246,-0.458733857,-0.278455246,0.205408358,1.017755175395e-06,2.447324551438e-05
L00097,770,-0.448558770,-0.268218525,-0.448558770,-0.268218525,0.205410207,1.025119812565e-06,2.483681511765e-05
L00098,778,-0.439892226,-0.258298089,-0.439892226,-0.258298089,0.205447824,1.031434591402e-06,2.519430403900e-05
L00099,786,-0.428929375,-0.249857423,-0.428929375,-0.249857423,0.205372159,1.039478302732e-06,2.550251714705e-05
L00100,794,-0.421903918,-0.237733183,-0.421903918,-0.237733183,0.205525122,1.044666002661e-06,2.595184638376e-05
L00101,802,-0.414012975,-0.227453841,-0.414012975,-0.227453841,0.205596774,1.050523666605e-06,2.633899888458e-05
L00102,810,-0.404845657,-0.217740030,-0.404845657,-0.217740030,0.205613169,1.057370074718e-06,2.671015794015e-05
L00103,818,-0.390576209,-0.206899240,-0.390576209,-0.206899240,0.205510309,1.068115783124e-06,2.713055716704e-05
L00104,826,-0.375486862,-0.195296279,-0.375486862,-0.195296279,0.205405717,1.079597742355e-06,2.758784660361e-05
L00105,834,-0.363126686,-0.182346059,-0.363126686,-0.182346059,0.205423419,1.089094889919e-06,2.810734139560e-05
L00106,842,-0.352580773,-0.168726510,-0.352580773,-0.168726510,0.205515628,1.097264042095e-06,2.866424347443e-05
L00107,850,-0.339705123,-0.156822702,-0.339705123,-0.156822702,0.205486473,1.107320993351e-06,2.916001816357e-05
L00108,858,-0.325982398,-0.144467575,-0.325982398,-0.144467575,0.205445445,1.118141072806e-06,2.968366028979e-05
L00109,866,-0.312415173,-0.130188890,-0.312415173,-0.130188890,0.205466788,1.128942477714e-06,3.030055190121e-05
L00110,874,-0.298263239,-0.116336904,-0.298263239,-0.116336904,0.205457790,1.140320593017e-06,3.091125743567e-05
L00111,882,-0.280766811,-0.101031233,-0.280766811,-0.101031233,0.205392067,1.154546327032e-06,3.160037712360e-05
L00112,890,-0.263663077,-0.085463780,-0.263663077,-0.085463780,0.205345979,1.168624297444e-06,3.231704443143e-05
L00113,898,-0.251241220,-0.070867290,-0.251241220,-0.070867290,0.205411218,1.178956134714e-06,3.300376970622e-05
L00114,906,-0.231065427,-0.056938913,-0.231065427,-0.056938913,0.205223795,1.195932306595e-06,3.367266372817e-05
L00115,914,-0.215209380,-0.043366402,-0.215209380,-0.043366402,0.205155289,1.209445155347e-06,3.433750693057e-05
L00116,922,-0.200078477,-0.027454813,-0.200078477,-0.027454813,0.205178710,1.222482365164e-06,3.513366289380e-05
L00117,930,-0.187960151,-0.011250445,-0.187960151,-0.011250445,0.205301291,1.233025131094e-06,3.596344358309e-05
L00118,938,-0.175472631,0.003491510,-0.175472631,0.003491510,0.205368924,1.243984217247e-06,3.673535055920e-05
L00119,946,-0.163218254,0.017595992,-0.163218254,0.017595992,0.205424427,1.254833384745e-06,3.748938268821e-05
L00120,954,-0.148226305,0.031613253,-0.148226305,0.031613253,0.205395187,1.268234975726e-06,3.825408534451e-05
L00121,962,-0.136207964,0.045758921,-0.136207964,0.045758921,0.205459007,1.279081689056e-06,3.904160743194e-05
L00122,970,-0.121484816,0.059401053,-0.121484816,0.059401053,0.205426576,1.292496042383e-06,3.981644978108e-05
L00123,978,-0.108000839,0.071376783,-0.108000839,0.071376783,0.205381329,1.304904763048e-06,4.050930909976e-05
L00124,986,-0.095777461,0.083723884,-0.095777461,0.083723884,0.205385040,1.316256322956e-06,4.123627974192e-05
L00125,994,-0.086615417,0.097015039,-0.086615417,0.097015039,0.205508914,1.324829597851e-06,4.203342133661e-05
L00126,1002,-0.073758974,0.108628209,-0.073758974,0.108628209,0.205471615,1.336954099810e-06,4.274252923944e-05
L00127,1010,-0.061018248,0.120236705,-0.061018248,0.120236705,0.205437649,1.349078937282e-06,4.346330722735e-05
L00128,1018,-0.049270057,0.129760171,-0.049270057,0.129760171,0.205370907,1.360356640186e-06,4.406369143443e-05
L00129,1026,-0.040824084,0.140805665,-0.040824084,0.140805665,0.205448892,1.368522577145e-06,4.477042348041e-05
L00130,1034,-0.031215448,0.150898919,-0.031215448,0.150898919,0.205463431,1.377872249374e-06,4.542613450787e-05
L00131,1042,-0.023513051,0.159856465,-0.023513051,0.159856465,0.205501085,1.385413162121e-06,4.601610309253e-05
L00132,1050,-0.013306732,0.169093766,-0.013306732,0.169093766,0.205472015,1.395469113596e-06,4.663252301140e-05
L00133,1058,-0.004497721,0.178445683,-0.004497721,0.178445683,0.205488302,1.404207009685e-06,4.726500363918e-05
L00134,1066,0.007585229,0.187371447,0.007585229,0.187371447,0.205393587,1.416281476685e-06,4.787666236705e-05
L00135,1074,0.020007988,0.196948416,0.020007988,0.196948416,0.205308213,1.428803770421e-06,4.854175201486e-05
L00136,1082,0.031442903,0.205420005,0.031442903,0.205420005,0.205219313,1.440428143659e-06,4.913777369717e-05
L00137,1090,0.042431404,0.213496908,0.042431404,0.213496908,0.205131965,1.451687804361e-06,4.971284053522e-05
L00138,1098,0.053475372,0.222659699,0.053475372,0.222659699,0.205075530,1.463092985037e-06,5.037337386879e-05
L00139,1106,0.067326589,0.231881996,0.067326589,0.231881996,0.204936662,1.477523978851e-06,5.104705939169e-05
L00140,1114,0.081534105,0.240184211,0.081534105,0.240184211,0.204759503,1.492474074675e-06,5.166123604604e-05
L00141,1122,0.095971579,0.249114844,0.095971579,0.249114844,0.204594298,1.507821119105e-06,5.233015367259e-05
L00142,1130,0.111769134,0.259008914,0.111769134,0.259008914,0.204417193,1.524794801990e-06,5.308135207289e-05
L00143,1138,0.125251244,0.267237761,0.125251244,0.267237761,0.204259595,1.539431690399e-06,5.371432708378e-05
L00144,1146,0.141925384,0.276648040,0.141925384,0.276648040,0.204041680,1.557728501685e-06,5.444743623751e-05
L00145,1154,0.159320640,0.285281996,0.159320640,0.285281996,0.203778841,1.577048420718e-06,5.512886404359e-05
L00146,1162,0.177474587,0.295396421,0.177474587,0.295396421,0.203537655,1.597466541399e-06,5.593799159438e-05
L00147,1170,0.195336090,0.305760702,0.195336090,0.305760702,0.203312738,1.617813728278e-06,5.677942775558e-05
L00148,1178,0.213181749,0.315763179,0.213181749,0.315763179,0.203077443,1.638401686687e-06,5.760349034648e-05
L00149,1186,0.232252522,0.326461310,0.232252522,0.326461310,0.202826264,1.660692696944e-06,5.849810611977e-05
L00150,1194,0.252128043,0.336724106,0.252128043,0.336724106,0.202537882,1.684247148496e-06,5.936937212728e-05
L00151,1202,0.273807140,0.348104295,0.273807140,0.348104295,0.202228915,1.710320112278e-06,6.035068078761e-05
L00152,1210,0.292929540,0.358449247,0.292929540,0.358449247,0.201965591,1.733653018518e-06,6.125678825152e-05
L00153,1218,0.312879591,0.368811302,0.312879591,0.368811302,0.201677951,1.758335162733e-06,6.217803198968e-05
L00154,1226,0.333591607,0.379341554,0.333591607,0.379341554,0.201372498,1.784331864430e-06,6.312842421871e-05
L00155,1234,0.354724446,0.391754050,0.354724446,0.391754050,0.201110888,1.811252951713e-06,6.426736623873e-05
L00156,1242,0.374467744,0.403914360,0.374467744,0.403914360,0.200883398,1.836770774293e-06,6.540309233239e-05
L00157,1250,0.396968333,0.414551930,0.396968333,0.414551930,0.200527508,1.866290952335e-06,6.641304616048e-05
L00158,1258,0.414695246,0.425896392,0.414695246,0.425896392,0.200336034,1.889881949785e-06,6.750730436397e-05
L00159,1266,0.434977389,0.438064276,0.434977389,0.438064276,0.200092607,1.917239451744e-06,6.870103586961e-05
L00160,1274,0.455363684,0.450056183,0.455363684,0.450056183,0.200159225,1.945136524445e-06,6.989815439242e-05
L00161,1282,0.473955936,0.462061098,0.473955936,0.462061098,0.200356845,1.970932345692e-06,7.111746541248e-05
L00162,1290,0.489487797,0.473233602,0.489487797,0.473233602,0.200487626,1.992744102504e-06,7.227133143379e-05
L00163,1298,0.507175062,0.484587351,0.507175062,0.484587351,0.200677631,2.017876848580e-06,7.346309680614e-05
L00164,1306,0.527388177,0.496490076,0.527388177,0.496490076,0.200926943,2.046987047190e-06,7.473359269002e-05
L00165,1314,0.544306429,0.508866996,0.544306429,0.508866996,0.201063183,2.071674696910e-06,7.607801231599e-05
L00166,1322,0.560770554,0.520331754,0.560770554,0.520331754,0.201213164,2.095985504796e-06,7.734491806448e-05
L00167,1330,0.576938732,0.530988127,0.576938732,0.530988127,0.201378518,2.120136935963e-06,7.854140484121e-05
L00168,1338,0.593284865,0.540926918,0.593284865,0.540926918,0.201570738,2.144837104111e-06,7.967399791142e-05
L00169,1346,0.608733700,0.551699066,0.608733700,0.551699066,0.201711039,2.168445836624e-06,8.092000909846e-05
L00170,1354,0.625080801,0.562236897,0.625080801,0.562236897,0.201885317,2.193710319921e-06,8.215776972878e-05
L00171,1362,0.638248806,0.571694069,0.638248806,0.571694069,0.201996642,2.214275397067e-06,8.328470929491e-05
L00172,1370,0.651973085,0.581468564,0.651973085,0.581468564,0.202115136,2.235914437094e-06,8.446570893829e-05
L00173,1378,0.664812386,0.592202192,0.664812386,0.592202192,0.202178306,2.256349547677e-06,8.578189686268e-05
L00174,1386,0.679363344,0.603409999,0.679363344,0.603409999,0.202278600,2.279734808304e-06,8.717812353574e-05
L00175,1394,0.696038710,0.613321513,0.696038710,0.613321513,0.202481516,2.306832445171e-06,8.843178618002e-05
L00176,1402,0.707965212,0.623348615,0.707965212,0.623348615,0.202538498,2.326410471798e-06,8.971841467532e-05
L00177,1410,0.723152815,0.633604193,0.723152815,0.633604193,0.202686459,2.351582483894e-06,9.105372672582e-05
L00178,1418,0.735414404,0.644715885,0.735414404,0.644715885,0.202720956,2.372103477475e-06,9.252294872633e-05
L00179,1426,0.752635770,0.655051530,0.752635770,0.655051530,0.202927527,2.401227887396e-06,9.391083277107e-05
L00180,1434,0.768237053,0.665257752,0.768237053,0.665257752,0.203089379,2.427921036362e-06,9.530176586865e-05
L00181,1442,0.784901110,0.676041689,0.784901110,0.676041689,0.203265783,2.456760373674e-06,9.679382151589e-05
L00182,1450,0.801931680,0.686196415,0.801931680,0.686196415,0.203472058,2.486587984533e-06,9.822016865110e-05
L00183,1458,0.816803245,0.695818263,0.816803245,0.695818263,0.203629549,2.512930312792e-06,9.959105502997e-05
L00184,1466,0.833883211,0.707204264,0.833883211,0.707204264,0.203800368,2.543528911903e-06,1.012380303801e-04
L00185,1474,0.851196477,0.717118550,0.851196477,0.717118550,0.204022338,2.574925736808e-06,1.026942909967e-04
L00186,1482,0.866485417,0.728066629,0.866485417,0.728066629,0.204152564,2.602973619432e-06,1.043267505742e-04
L00187,1490,0.883845310,0.739541009,0.883845310,0.739541009,0.204329129,2.635191284384e-06,1.060655446628e-04
L00188,1498,0.899653113,0.750664170,0.899653113,0.750664170,0.204469668,2.664875231486e-06,1.077787746125e-04
L00189,1506,0.918643075,0.762280499,0.918643075,0.762280499,0.204690877,2.700977091906e-06,1.095975117922e-04
L00190,1514,0.935108455,0.773147301,0.935108455,0.773147301,0.204858835,2.732675102487e-06,1.113266716611e-04
L00191,1522,0.953184943,0.784664363,0.953184943,0.784664363,0.205055617,2.767903249785e-06,1.131890915146e-04
L00192,1530,0.972557805,0.796783208,0.972557805,0.796783208,0.205273238,2.806162139566e-06,1.151824768264e-04
L00193,1538,0.990721920,0.808648873,0.990721920,0.808648873,0.205462191,2.842514136586e-06,1.171682264640e-04
L00194,1546,1.007010653,0.820553532,1.007010653,0.820553532,0.205593714,2.875513232812e-06,1.191949059161e-04
L00195,1554,1.021372270,0.832210013,1.021372270,0.832210013,0.205674868,2.904925855913e-06,1.212132981056e-04
L00196,1562,1.037699058,0.843480917,1.037699058,0.843480917,0.205826544,2.938728742032e-06,1.231974205436e-04
L00197,1570,1.052599396,0.856277304,1.052599396,0.856277304,0.205889663,2.969921495801e-06,1.254894857386e-04
L00198,1578,1.066487415,0.868525260,1.066487415,0.868525260,0.205938865,2.999293075947e-06,1.277232477138e-04
L00199,1586,1.079835363,0.881249364,1.079835363,0.881249364,0.205957580,3.027796183450e-06,1.300859690753e-04
L00200,1594,1.093682071,0.892727829,1.093682071,0.892727829,0.206028627,3.057650619222e-06,1.322548655997e-04
L00201,1602,1.103906445,0.905278405,1.103906445,0.905278405,0.205958841,3.079883826308e-06,1.346677481578e-04
L00202,1610,1.115296405,0.917784492,1.115296405,0.917784492,0.205925357,3.104842047720e-06,1.371158641507e-04
L00203,1618,1.126501136,0.929604334,1.126501136,0.929604334,0.205906904,3.129591722993e-06,1.394705394025e-04
L00204,1626,1.138701561,0.940838829,1.138701561,0.940838829,0.205935882,3.156765162475e-06,1.417460770668e-04
L00205,1634,1.148457158,0.953006200,1.148457158,0.953006200,0.205863529,3.178663011164e-06,1.442524659797e-04
L00206,1642,1.156673520,0.965163881,1.156673520,0.965163881,0.205745289,3.197223621740e-06,1.468011243213e-04
L00207,1650,1.162547727,0.977100616,1.162547727,0.977100616,0.205563413,3.210559748640e-06,1.493472700073e-04
L00208,1658,1.171219993,0.989387152,1.171219993,0.989387152,0.205454985,3.230350021498e-06,1.520141579975e-04
L00209,1666,1.179545314,1.001823499,1.179545314,1.001823499,0.205331654,3.249463316764e-06,1.547620643863e-04
L00210,1674,1.186767563,1.013117941,1.186767563,1.013117941,0.205209489,3.266135758514e-06,1.573006750004e-04
L00211,1682,1.195095403,1.024536190,1.195095403,1.024536190,0.205116776,3.285466654060e-06,1.599094449086e-04
L00212,1690,1.201013808,1.036582646,1.201013808,1.036582646,0.204932935,3.299274186859e-06,1.627086591948e-04
L00213,1698,1.207431025,1.049457201,1.207431025,1.049457201,0.204739215,3.314311014917e-06,1.657544874410e-04
L00214,1706,1.214930727,1.062140483,1.214930727,1.062140483,0.204583707,3.331971193546e-06,1.688108119645e-04
L00215,1714,1.222046478,1.074413378,1.222046478,1.074413378,0.204428993,3.348814241675e-06,1.718218833209e-04
L00216,1722,1.229147707,1.086231545,1.229147707,1.086231545,0.204287485,3.365707796740e-06,1.747721394284e-04
L00217,1730,1.235143589,1.096904663,1.235143589,1.096904663,0.204147168,3.380038111828e-06,1.774800571467e-04
L00218,1738,1.240931353,1.108578431,1.240931353,1.108578431,0.203970588,3.393928891524e-06,1.804899181470e-04
L00219,1746,1.246084048,1.120539702,1.246084048,1.120539702,0.203766330,3.406343515946e-06,1.836268586638e-04
L00220,1754,1.254148835,1.132931082,1.254148835,1.132931082,0.203636533,3.425865600699e-06,1.869341071641e-04
L00221,1762,1.262322180,1.145181723,1.262322180,1.145181723,0.203514214,3.445764624431e-06,1.902623433889e-04
L00222,1770,1.270452005,1.156020351,1.270452005,1.156020351,0.203432950,3.465672351171e-06,1.932563379264e-04
L00223,1778,1.279477988,1.168555471,1.279477988,1.168555471,0.203327676,3.487909285992e-06,1.967777616711e-04
L00224,1786,1.287554670,1.181613112,1.287554670,1.181613112,0.203178247,3.507928400043e-06,2.005142249348e-04
L00225,1794,1.297676900,1.194222336,1.297676900,1.194222336,0.203103637,3.533179989041e-06,2.041896946884e-04
L00226,1802,1.306166073,1.206125370,1.306166073,1.206125370,0.203001221,3.554497739843e-06,2.077211132205e-04
L00227,1810,1.317831245,1.218813616,1.317831245,1.218813616,0.202970529,3.584000921917e-06,2.115527675063e-04
L00228,1818,1.327816079,1.232419319,1.327816079,1.232419319,0.202861903,3.609448684601e-06,2.157400445159e-04
L00229,1826,1.339256632,1.246108810,1.339256632,1.246108810,0.202794435,3.638828750518e-06,2.200367574036e-04
L00230,1834,1.350831053,1.258437512,1.350831053,1.258437512,0.202771806,3.668795967858e-06,2.239795492652e-04
L00231,1842,1.362914929,1.271316356,1.362914929,1.271316356,0.202747957,3.700345565868e-06,2.281737493168e-04
L00232,1850,1.371446619,1.283364780,1.371446619,1.283364780,0.202642455,3.722784081520e-06,2.321685881295e-04
L00233,1858,1.381437534,1.295615826,1.381437534,1.295615826,0.202574651,3.749233411826e-06,2.363023318274e-04
L00234,1866,1.390980751,1.308859142,1.390980751,1.308859142,0.202463648,3.774672989001e-06,2.408537109724e-04
L00235,1874,1.399996532,1.322010824,1.399996532,1.322010824,0.202339571,3.798865113198e-06,2.454603493227e-04
L00236,1882,1.409077755,1.334913187,1.409077755,1.334913187,0.202224937,3.823389584638e-06,2.500652672491e-04
L00237,1890,1.417260222,1.348031613,1.417260222,1.348031613,0.202076858,3.845622467801e-06,2.548358800203e-04
L00238,1898,1.422693306,1.360862792,1.422693306,1.360862792,0.201854915,3.860456275041e-06,2.595900646622e-04
L00239,1906,1.428403064,1.372519248,1.428403064,1.372519248,0.201676514,3.876107147603e-06,2.639858349516e-04
L00240,1914,1.435682074,1.384871021,1.435682074,1.384871021,0.201524332,3.896151496675e-06,2.687250719977e-04
L00241,1922,1.440501093,1.398482526,1.440501093,1.398482526,0.201260557,3.909478713076e-06,2.740462543070e-04
L00242,1930,1.443825768,1.411674360,1.443825768,1.411674360,0.200964542,3.918699820519e-06,2.793038982020e-04
L00243,1938,1.444077190,1.424646365,1.444077190,1.424646365,0.200582925,3.919398031800e-06,2.845722794754e-04
L00244,1946,1.444897116,1.437122068,1.444897116,1.437122068,0.200233251,3.921675874034e-06,2.897328180496e-04
L00245,1954,1.446860540,1.449595216,1.446860540,1.449595216,0.200082040,3.927135857633e-06,2.949858539023e-04
L00246,1962,1.447188447,1.462956631,1.447188447,1.462956631,0.200473046,3.928048457844e-06,3.007186825783e-04
L00247,1970,1.444682196,1.475624203,1.444682196,1.475624203,0.200928260,3.921078676625e-06,3.062566625823e-04
L00248,1978,1.441528547,1.488677758,1.441528547,1.488677758,0.201414476,3.912326075104e-06,3.120701004015e-04
L00249,1986,1.437728206,1.501796220,1.437728206,1.501796220,0.201922040,3.901804608102e-06,3.180236254812e-04
L00250,1994,1.434164361,1.514824193,1.434164361,1.514824193,0.202419795,3.891963605384e-06,3.240484848076e-04
L00251,2002,1.430108688,1.527817530,1.430108688,1.527817530,0.202931265,3.880794687457e-06,3.301710086257e-04
L00252,2010,1.427899589,1.541920044,1.427899589,1.541920044,0.203420614,3.874724538258e-06,3.369471643585e-04
L00253,2018,1.425449319,1.555386063,1.425449319,1.555386063,0.203898102,3.868002806003e-06,3.435472439069e-04
L00254,2026,1.421717560,1.569225170,1.421717560,1.569225170,0.204425228,3.857788011600e-06,3.504649127206e-04
L00255,2034,1.417655378,1.582191714,1.417655378,1.582191714,0.204936090,3.846699427263e-06,3.570727630274e-04
L00256,2042,1.414187461,1.593945842,1.414187461,1.593945842,0.205392751,3.837258237021e-06,3.631703521626e-04
